path,disease_class,filename,hash
/Users/amirah/Ghiras's datast/THE DATA/Apple_healthy/dc18b924-f172-445d-8fed-61445d437aaa___RS_HL 6270.JPG,Apple_healthy,dc18b924-f172-445d-8fed-61445d437aaa___RS_HL 6270.JPG,48f5d94e58351849b9f219c674323d58
/Users/amirah/Ghiras's datast/THE DATA/Apple_healthy/acb21cc2-8d65-4880-a7bb-dcc1eab1564b___RS_HL 6272.JPG,Apple_healthy,acb21cc2-8d65-4880-a7bb-dcc1eab1564b___RS_HL 6272.JPG,8bbefab9461168ef9946618480d2f0ad
/Users/amirah/Ghiras's datast/THE DATA/Apple_healthy/c21cf428-bfc3-4710-b5d2-69d1c0e94748___RS_HL 6268.JPG,Apple_healthy,c21cf428-bfc3-4710-b5d2-69d1c0e94748___RS_HL 6268.JPG,161940bd6e73cf648974cc7213cffb8f
/Users/amirah/Ghiras's datast/THE DATA/Apple_healthy/dc18b924-f172-445d-8fed-61445d437aaa___RS_HL 6270_flipTB.JPG,Apple_healthy,dc18b924-f172-445d-8fed-61445d437aaa___RS_HL 6270_flipTB.JPG,67a0fed9ae5a338656a557335fec59d9
/Users/amirah/Ghiras's datast/THE DATA/Apple_healthy/13298d36-4425-437d-ae8e-c7d70e200084___RS_HL 6271.JPG,Apple_healthy,13298d36-4425-437d-ae8e-c7d70e200084___RS_HL 6271.JPG,926f8ebcfc60d44649018c5154c8fcec
/Users/amirah/Ghiras's datast/THE DATA/Apple_healthy/5192db55-4aa7-421c-92d4-c2dac79e7379___RS_HL 6273.JPG,Apple_healthy,5192db55-4aa7-421c-92d4-c2dac79e7379___RS_HL 6273.JPG,61cabcbf7a2412e44ce0bcee3c384a25
/Users/amirah/Ghiras's datast/THE DATA/Apple_healthy/fdbfa6f7-f887-442d-8df1-1f0cf839fc4d___RS_HL 6274.JPG,Apple_healthy,fdbfa6f7-f887-442d-8df1-1f0cf839fc4d___RS_HL 6274.JPG,fb72d1f9dbd2af9a9ee3fc3421ecf6a4
/Users/amirah/Ghiras's datast/THE DATA/Apple_healthy/fdbfa6f7-f887-442d-8df1-1f0cf839fc4d___RS_HL 6274_flipTB.JPG,Apple_healthy,fdbfa6f7-f887-442d-8df1-1f0cf839fc4d___RS_HL 6274_flipTB.JPG,cdde9ba68b641da456e54531bf99229a
/Users/amirah/Ghiras's datast/THE DATA/Apple_healthy/3673d121-b5de-481c-b057-d4ee5b4959b1___RS_HL 6269.JPG,Apple_healthy,3673d121-b5de-481c-b057-d4ee5b4959b1___RS_HL 6269.JPG,68f05a541bf01c0fcfbc7f9445f8a147
/Users/amirah/Ghiras's datast/THE DATA/Apple_healthy/c21cf428-bfc3-4710-b5d2-69d1c0e94748___RS_HL 6268_flipTB.JPG,Apple_healthy,c21cf428-bfc3-4710-b5d2-69d1c0e94748___RS_HL 6268_flipTB.JPG,35302bc2333c76c20452dfd38586f817
/Users/amirah/Ghiras's datast/THE DATA/Cucumber ـBacterialـWilt/Bacterial Wilt (82).jpg,Cucumber ـBacterialـWilt,Bacterial Wilt (82).jpg,a1b6d034ef2bd7770b5969d17e1b9790
/Users/amirah/Ghiras's datast/THE DATA/Cucumber_Pythium_Fruit_Rot/Pythium Fruit Rot  (147).jpg,Cucumber_Pythium_Fruit_Rot,Pythium Fruit Rot  (147).jpg,c6c7d25fd41be05dd9e4b5755d37c81a
/Users/amirah/Ghiras's datast/THE DATA/Cucumber_Pythium_Fruit_Rot/Pythium Fruit Rot  (146)(1).jpg,Cucumber_Pythium_Fruit_Rot,Pythium Fruit Rot  (146)(1).jpg,9d4f67043c0dff7733dd28550950126c
/Users/amirah/Ghiras's datast/THE DATA/Cucumber_Pythium_Fruit_Rot/Pythium Fruit Rot  (150)(1).jpg,Cucumber_Pythium_Fruit_Rot,Pythium Fruit Rot  (150)(1).jpg,d242cdbfbc571b934f48c3920ae93b82
/Users/amirah/Ghiras's datast/THE DATA/Cucumber_Pythium_Fruit_Rot/Pythium Fruit Rot  (151)(1).jpg,Cucumber_Pythium_Fruit_Rot,Pythium Fruit Rot  (151)(1).jpg,a7807f0a0849a14a29d2b4135a19b841
/Users/amirah/Ghiras's datast/THE DATA/Cucumber_Pythium_Fruit_Rot/Pythium Fruit Rot  (144).jpg,Cucumber_Pythium_Fruit_Rot,Pythium Fruit Rot  (144).jpg,e016a54d239afb6dcd07e782d7100229
/Users/amirah/Ghiras's datast/THE DATA/Cucumber_Pythium_Fruit_Rot/Pythium Fruit Rot  (148).jpg,Cucumber_Pythium_Fruit_Rot,Pythium Fruit Rot  (148).jpg,f601edb5b8e2b36786dc667817a2069d
/Users/amirah/Ghiras's datast/THE DATA/Cucumber_Pythium_Fruit_Rot/Pythium Fruit Rot  (149).jpg,Cucumber_Pythium_Fruit_Rot,Pythium Fruit Rot  (149).jpg,5af40fdad8e492ecbad35a510334ff8a
/Users/amirah/Ghiras's datast/THE DATA/Cucumber_Pythium_Fruit_Rot/Pythium Fruit Rot  (152)(1).jpg,Cucumber_Pythium_Fruit_Rot,Pythium Fruit Rot  (152)(1).jpg,2e1185bc3ea00fbaecaab3be402ddb02
/Users/amirah/Ghiras's datast/THE DATA/Cucumber_Pythium_Fruit_Rot/Pythium Fruit Rot  (145).jpg,Cucumber_Pythium_Fruit_Rot,Pythium Fruit Rot  (145).jpg,55d2b7ad255b773aa8e258f75a085369
/Users/amirah/Ghiras's datast/THE DATA/Lettuce_Bacterial/bct (6).jpg,Lettuce_Bacterial,bct (6).jpg,b02b3e470100b2100c9c36f551356944
/Users/amirah/Ghiras's datast/THE DATA/Lettuce_Bacterial/bct (17).jpg,Lettuce_Bacterial,bct (17).jpg,117964014ec809e58c9c4abba72a7bdf
/Users/amirah/Ghiras's datast/THE DATA/Lettuce_Bacterial/bct (20).jpg,Lettuce_Bacterial,bct (20).jpg,0e2a7c4b37ff1ad678e914532be091ed
/Users/amirah/Ghiras's datast/THE DATA/LettuceـShepherd_purse_weeds/spw (568).jpg,LettuceـShepherd_purse_weeds,spw (568).jpg,882d04a5b766c611ce73fff505346981
/Users/amirah/Ghiras's datast/THE DATA/LettuceـShepherd_purse_weeds/spw (559).jpg,LettuceـShepherd_purse_weeds,spw (559).jpg,1fc2032b91a42a270ced4f360bafbfde
/Users/amirah/Ghiras's datast/THE DATA/LettuceـShepherd_purse_weeds/spw (626).jpg,LettuceـShepherd_purse_weeds,spw (626).jpg,ce033db50365348fe6fa673d512d31fe
/Users/amirah/Ghiras's datast/THE DATA/LettuceـShepherd_purse_weeds/spw (581).jpg,LettuceـShepherd_purse_weeds,spw (581).jpg,dfc487041ab86aaf261b525a21286da2
/Users/amirah/Ghiras's datast/THE DATA/Septoria_blight_on_lettuce/sbl (9).jpg,Septoria_blight_on_lettuce,sbl (9).jpg,76245c73bf20da276545150c01217e4b
/Users/amirah/Ghiras's datast/THE DATA/Tomato_Late_blight/5688ea99-c949-41d0-bbab-9cbf0ffb8bcd___GHLB2 Leaf 8677.JPG,Tomato_Late_blight,5688ea99-c949-41d0-bbab-9cbf0ffb8bcd___GHLB2 Leaf 8677.JPG,ca06650efa30a3f6731df694f07b4690
/Users/amirah/Ghiras's datast/THE DATA/Tomato_Late_blight/861d8b00-57a4-46b0-b51a-09d102dbe119___GHLB_PS Leaf 24 Day 13.jpg,Tomato_Late_blight,861d8b00-57a4-46b0-b51a-09d102dbe119___GHLB_PS Leaf 24 Day 13.jpg,c1b24c8caaa06e756560a83d7358579e
/Users/amirah/Ghiras's datast/THE DATA/Tomato_Late_blight/3fae9c64-18f0-4a67-9f97-554248bb1bed___GHLB_PS Leaf 24 Day 16.jpg,Tomato_Late_blight,3fae9c64-18f0-4a67-9f97-554248bb1bed___GHLB_PS Leaf 24 Day 16.jpg,bf12be065849d781b7da2e79091b1072
/Users/amirah/Ghiras's datast/THE DATA/Tomato_Late_blight/e5d707cd-077c-43af-bda9-6138e516ff51___GHLB2 Leaf 8999.JPG,Tomato_Late_blight,e5d707cd-077c-43af-bda9-6138e516ff51___GHLB2 Leaf 8999.JPG,0e0dcd876f5b32cac9da836b2e783d91
/Users/amirah/Ghiras's datast/THE DATA/Tomato_Late_blight/2c47b891-3c97-48f1-a2cc-5aa53d3a1148___GHLB2 Leaf 9011.JPG,Tomato_Late_blight,2c47b891-3c97-48f1-a2cc-5aa53d3a1148___GHLB2 Leaf 9011.JPG,1d87a50fa691cef6f476b20bb48cfaf8
/Users/amirah/Ghiras's datast/THE DATA/Tomato_Late_blight/d6e6897a-5083-4914-9903-804c5684a956___GHLB2 Leaf 102.JPG,Tomato_Late_blight,d6e6897a-5083-4914-9903-804c5684a956___GHLB2 Leaf 102.JPG,5bdbdc7333be3ab35ef81ec17ce14816
/Users/amirah/Ghiras's datast/THE DATA/Tomato_Late_blight/98586693-fe1f-4ea0-8e27-4501b61cf09b___GHLB_PS Leaf 23.5 Day 13.jpg,Tomato_Late_blight,98586693-fe1f-4ea0-8e27-4501b61cf09b___GHLB_PS Leaf 23.5 Day 13.jpg,4bab4aa40d89e19ed72d8b8d501b1db8
/Users/amirah/Ghiras's datast/THE DATA/Tomato_Late_blight/bd4f09bd-ee85-4ab1-bce0-8cde3fdd7f1b___GHLB_PS Leaf 23.7 Day 13.jpg,Tomato_Late_blight,bd4f09bd-ee85-4ab1-bce0-8cde3fdd7f1b___GHLB_PS Leaf 23.7 Day 13.jpg,3b227920ba50ce0a4602b258f624e935
/Users/amirah/Ghiras's datast/THE DATA/Tomato_healthy/37203047-d8ba-43f7-b31e-d496c41c569c___GH_HL Leaf 389.JPG,Tomato_healthy,37203047-d8ba-43f7-b31e-d496c41c569c___GH_HL Leaf 389.JPG,2e53ad1ec3f810e2ff4c83400dc69ec9
/Users/amirah/Ghiras's datast/THE DATA/Tomato_healthy/9662364c-aaba-45e3-b907-10792d60578c___GH_HL Leaf 220.JPG,Tomato_healthy,9662364c-aaba-45e3-b907-10792d60578c___GH_HL Leaf 220.JPG,4b73700b68ce8704f6b4549a2846dede
/Users/amirah/Ghiras's datast/THE DATA/Tomato_healthy/1af0bfe1-4bcf-4b8b-be66-5d0953eb647e___GH_HL Leaf 482.2.JPG,Tomato_healthy,1af0bfe1-4bcf-4b8b-be66-5d0953eb647e___GH_HL Leaf 482.2.JPG,ea0a44df2e4e44c6ccacc31f067a6284
/Users/amirah/Ghiras's datast/THE DATA/Tomato_healthy/a5de43e7-fc2f-4a14-a8e6-c0f2f94c84f1___GH_HL Leaf 434.JPG,Tomato_healthy,a5de43e7-fc2f-4a14-a8e6-c0f2f94c84f1___GH_HL Leaf 434.JPG,6e48e89e89da343b6b90ccda5b18d698
/Users/amirah/Ghiras's datast/THE DATA/Tomato_healthy/34c81c57-e1fa-49dd-a49d-34fe8b2385fe___GH_HL Leaf 466.1.JPG,Tomato_healthy,34c81c57-e1fa-49dd-a49d-34fe8b2385fe___GH_HL Leaf 466.1.JPG,32cb22521edc69a5503a6749446dd522
/Users/amirah/Ghiras's datast/THE DATA/Tomato_healthy/e786ac89-29fe-47e3-b49e-b9a9ee7edd9d___GH_HL Leaf 342.1.JPG,Tomato_healthy,e786ac89-29fe-47e3-b49e-b9a9ee7edd9d___GH_HL Leaf 342.1.JPG,3dab5eb1192b5c43fd3015490cf0b18f
/Users/amirah/Ghiras's datast/THE DATA/banana_healthy/31.jpeg,banana_healthy,31.jpeg,8ff215ddcde2d26583eede978409cf37
/Users/amirah/Ghiras's datast/THE DATA/banana_healthy/104.jpeg,banana_healthy,104.jpeg,103895a253890ac041f064709c2863d9
/Users/amirah/Ghiras's datast/THE DATA/banana_healthy/1.jpeg,banana_healthy,1.jpeg,bd2592abbaee86a4f508a83697523739
/Users/amirah/Ghiras's datast/THE DATA/banana_healthy/124.jpeg,banana_healthy,124.jpeg,02a70c19e48f114144023a20f55c1e11
/Users/amirah/Ghiras's datast/THE DATA/banana_healthy/11.jpeg,banana_healthy,11.jpeg,b8e656e7994dd6e43f77f706727cb6de
/Users/amirah/Ghiras's datast/THE DATA/banana_healthy/16.jpeg,banana_healthy,16.jpeg,706e1fd576706b3efa77baa14e9d13fc
/Users/amirah/Ghiras's datast/THE DATA/banana_healthy/57.jpeg,banana_healthy,57.jpeg,2287b1fe6ef722724c05550a8d4ee8de
/Users/amirah/Ghiras's datast/THE DATA/banana_healthy/56.jpeg,banana_healthy,56.jpeg,b781341a9a2727291300efb6a340180c
/Users/amirah/Ghiras's datast/THE DATA/banana_healthy/40.jpeg,banana_healthy,40.jpeg,0102a02819d1d09ba69cd01ea6f23e97
/Users/amirah/Ghiras's datast/THE DATA/banana_healthy/21.jpeg,banana_healthy,21.jpeg,cb0ce9e0e49ba92d94ba6198168073fd
/Users/amirah/Ghiras's datast/THE DATA/banana_healthy/63.jpeg,banana_healthy,63.jpeg,be33d89e750846203d57b7130af10e32
/Users/amirah/Ghiras's datast/THE DATA/banana_healthy/8.jpeg,banana_healthy,8.jpeg,bff2d5cac7ee1053bfe85de7c1f8c7d6
/Users/amirah/Ghiras's datast/THE DATA/banana_healthy/59.jpeg,banana_healthy,59.jpeg,11968cca150179dcd68a52a25554a63a
/Users/amirah/Ghiras's datast/THE DATA/banana_healthy/101.jpeg,banana_healthy,101.jpeg,7dcc65cd8dc633c451a037dc2396c00c
/Users/amirah/Ghiras's datast/THE DATA/banana_healthy/4.jpeg,banana_healthy,4.jpeg,843b86095f6266d9a1fb54849e3afd43
/Users/amirah/Ghiras's datast/THE DATA/banana_healthy/42.jpeg,banana_healthy,42.jpeg,0791a7080e766d3f633c4eff19fb3401
/Users/amirah/Ghiras's datast/THE DATA/banana_healthy/39.jpeg,banana_healthy,39.jpeg,fc8c159772097f22f03e72b08aeddc52
/Users/amirah/Ghiras's datast/THE DATA/banana_healthy/58.jpeg,banana_healthy,58.jpeg,fdbf5373908e4b8eb3787093be153309
/Users/amirah/Ghiras's datast/THE DATA/banana_healthy/23.jpeg,banana_healthy,23.jpeg,81f939b8e0ca36586e5e6f60ff1c2118
/Users/amirah/Ghiras's datast/THE DATA/banana_healthy/62.jpeg,banana_healthy,62.jpeg,2e2e1e230a7ed4aaf40ec07f131a14f2
/Users/amirah/Ghiras's datast/THE DATA/banana_healthy/9.jpeg,banana_healthy,9.jpeg,24eddb36357966e0065d0df2cdcaa46a
/Users/amirah/Ghiras's datast/THE DATA/banana_healthy/2.jpeg,banana_healthy,2.jpeg,e64554c853770cea3e54ee12a1d3833c
/Users/amirah/Ghiras's datast/THE DATA/banana_healthy/127.jpeg,banana_healthy,127.jpeg,1e722f8bde13deb9ab2671af9bd501e8
/Users/amirah/Ghiras's datast/THE DATA/banana_healthy/45.jpeg,banana_healthy,45.jpeg,d4dffd25b15587b4a1d6a68c829f2f3a
/Users/amirah/Ghiras's datast/THE DATA/banana_healthy/32.jpeg,banana_healthy,32.jpeg,a782f3b34f5fa99ec982d35b048ab408
/Users/amirah/Ghiras's datast/THE DATA/banana_healthy/107.jpeg,banana_healthy,107.jpeg,d4203e2953460ece5ff3b0a341d6476e
/Users/amirah/Ghiras's datast/THE DATA/banana_healthy/49.jpeg,banana_healthy,49.jpeg,e17aa1851d19b3c25ddd4f9718a3be29
/Users/amirah/Ghiras's datast/THE DATA/banana_healthy/111.jpeg,banana_healthy,111.jpeg,c3d6ffa558ce4c92b0f134b4553a0c11
/Users/amirah/Ghiras's datast/THE DATA/banana_healthy/48.jpeg,banana_healthy,48.jpeg,533146ec6a064d24e853287676525b2e
/Users/amirah/Ghiras's datast/THE DATA/banana_healthy/110.jpeg,banana_healthy,110.jpeg,5dc0fc32ca8a28e7a29970800a0ff625
/Users/amirah/Ghiras's datast/THE DATA/banana_healthy/106.jpeg,banana_healthy,106.jpeg,9471d5593ba1dad011f27c32f303f3e8
/Users/amirah/Ghiras's datast/THE DATA/banana_healthy/25.jpeg,banana_healthy,25.jpeg,a1ff2939c5aa15eccca8fec3d37fdc77
/Users/amirah/Ghiras's datast/THE DATA/banana_healthy/33.jpeg,banana_healthy,33.jpeg,353441c29e29517a6d839ada753c9056
/Users/amirah/Ghiras's datast/THE DATA/banana_healthy/44.jpeg,banana_healthy,44.jpeg,4928ed28279c1e48d4790ac1ab6b9501
/Users/amirah/Ghiras's datast/THE DATA/banana_healthy/13.jpeg,banana_healthy,13.jpeg,37ffc1da83042e4b6eee458eb5a13060
/Users/amirah/Ghiras's datast/THE DATA/banana_healthy/29.jpeg,banana_healthy,29.jpeg,7ca3d8f96158e8e9f746f73973119d94
/Users/amirah/Ghiras's datast/THE DATA/banana_healthy/126.jpeg,banana_healthy,126.jpeg,a7d471faffc66ce20818366f17adae7c
/Users/amirah/Ghiras's datast/THE DATA/banana_healthy/3.jpeg,banana_healthy,3.jpeg,f5204d18fc11451eaf7450bb07826421
/Users/amirah/Ghiras's datast/THE DATA/chili_Bacterial_Spot/Bacterial Spot00155.JPG,chili_Bacterial_Spot,Bacterial Spot00155.JPG,70b673ba285a14a568edac1a5f882167
/Users/amirah/Ghiras's datast/THE DATA/chili_Bacterial_Spot/Bacterial Spot00150.JPG,chili_Bacterial_Spot,Bacterial Spot00150.JPG,5335ff75a957ac210a26c2276b9d7b59
/Users/amirah/Ghiras's datast/THE DATA/chili_Bacterial_Spot/Bacterial Spot00152.JPG,chili_Bacterial_Spot,Bacterial Spot00152.JPG,9afb612f61091d46a119188575d1b8e7
/Users/amirah/Ghiras's datast/THE DATA/chili_Bacterial_Spot/Bacterial Spot00153.JPG,chili_Bacterial_Spot,Bacterial Spot00153.JPG,880c17267dd1b5486ab27b1df97d29c3
/Users/amirah/Ghiras's datast/THE DATA/olive_Healthy/B-64.JPG,olive_Healthy,B-64.JPG,a28c04166bfe176a8aecfcc234bfc752
/Users/amirah/Ghiras's datast/THE DATA/olive_Healthy/B-365 - Kopya.jpg,olive_Healthy,B-365 - Kopya.jpg,98ff3ac5cab4d0d2229482db10fad0c7
/Users/amirah/Ghiras's datast/THE DATA/olive_Healthy/B-138.JPG,olive_Healthy,B-138.JPG,06932651980143bf26c6d5217abed9c4
/Users/amirah/Ghiras's datast/THE DATA/olive_Healthy/B-366 - Kopya.jpg,olive_Healthy,B-366 - Kopya.jpg,7b28adac54eef73b851b7f8d06bbe75c
/Users/amirah/Ghiras's datast/THE DATA/olive_Healthy/B-104.JPG,olive_Healthy,B-104.JPG,ce37348a52566ca03f0d5de16f1fd946
/Users/amirah/Ghiras's datast/THE DATA/olive_Healthy/B-528.JPG,olive_Healthy,B-528.JPG,e1910a3998a1bf2b6ef596882444de60
/Users/amirah/Ghiras's datast/THE DATA/olive_Healthy/B-529.JPG,olive_Healthy,B-529.JPG,3d8827af936c49a9edd08ea0e5ef89db
/Users/amirah/Ghiras's datast/THE DATA/olive_Healthy/B-105.JPG,olive_Healthy,B-105.JPG,5568518a493091c7f5277f85b2efd70a
/Users/amirah/Ghiras's datast/THE DATA/olive_Healthy/B-113.JPG,olive_Healthy,B-113.JPG,e1910a3998a1bf2b6ef596882444de60
/Users/amirah/Ghiras's datast/THE DATA/olive_Healthy/B-611 - Kopya.jpg,olive_Healthy,B-611 - Kopya.jpg,ea8873561a2cd8f738fb278800db9f1d
/Users/amirah/Ghiras's datast/THE DATA/olive_Healthy/B-112.JPG,olive_Healthy,B-112.JPG,5f1732172ff3bdfdc2dca0a6c8815820
/Users/amirah/Ghiras's datast/THE DATA/olive_Healthy/B-115.JPG,olive_Healthy,B-115.JPG,3d8827af936c49a9edd08ea0e5ef89db
/Users/amirah/Ghiras's datast/THE DATA/olive_Healthy/B-363 - Kopya.jpg,olive_Healthy,B-363 - Kopya.jpg,b2ef56bec87333542c7258e12eda82ee
/Users/amirah/Ghiras's datast/THE DATA/olive_Healthy/B-364 - Kopya.jpg,olive_Healthy,B-364 - Kopya.jpg,772318efd7dff0e25654ac4c1e318081
/Users/amirah/Ghiras's datast/THE DATA/olive_Healthy/B-131 - Kopya.JPG,olive_Healthy,B-131 - Kopya.JPG,f11f559c8fcebcd5d911f2473b1fe97d
/Users/amirah/Ghiras's datast/THE DATA/olive_Healthy/B-124.JPG,olive_Healthy,B-124.JPG,09b432320e09849f81ffcd9fdc131e91
/Users/amirah/Ghiras's datast/THE DATA/olive_Healthy/B-132.JPG,olive_Healthy,B-132.JPG,da245e75b44cc429b3623eadf10e9c84
/Users/amirah/Ghiras's datast/THE DATA/olive_Healthy/B-126.JPG,olive_Healthy,B-126.JPG,753312177335b5bc0e3cd2bcc2d22c31
/Users/amirah/Ghiras's datast/THE DATA/olive_Healthy/B-116 - Kopya.JPG,olive_Healthy,B-116 - Kopya.JPG,1b4755c055a7973722f0b997597e29c0
/Users/amirah/Ghiras's datast/THE DATA/olive_Healthy/B-113 - Kopya.JPG,olive_Healthy,B-113 - Kopya.JPG,e1910a3998a1bf2b6ef596882444de60
/Users/amirah/Ghiras's datast/THE DATA/olive_Healthy/B-526.JPG,olive_Healthy,B-526.JPG,d5eea2d1a80978137beda2b8765a8fc7
/Users/amirah/Ghiras's datast/THE DATA/olive_Healthy/B-122.JPG,olive_Healthy,B-122.JPG,64ef8c91f74274e941eb50e8084e9e7a
/Users/amirah/Ghiras's datast/THE DATA/olive_Healthy/B-120.JPG,olive_Healthy,B-120.JPG,a28c04166bfe176a8aecfcc234bfc752
/Users/amirah/Ghiras's datast/THE DATA/olive_Healthy/B-134.JPG,olive_Healthy,B-134.JPG,419705fdb200a937bb00d4de82ceb6db
/Users/amirah/Ghiras's datast/THE DATA/olive_Healthy/B-108.JPG,olive_Healthy,B-108.JPG,d5eea2d1a80978137beda2b8765a8fc7
/Users/amirah/Ghiras's datast/THE DATA/olive_Healthy/B-531.JPG,olive_Healthy,B-531.JPG,77896be8610667e984b49f5374612a3d
/Users/amirah/Ghiras's datast/THE DATA/olive_Healthy/B-146.JPG,olive_Healthy,B-146.JPG,bc48bf79d30b5cbaa5d56f4cdaf2df65
/Users/amirah/Ghiras's datast/THE DATA/olive_Healthy/B-68.JPG,olive_Healthy,B-68.JPG,3b021689d353f5c1228cd85a0c07b9ee
/Users/amirah/Ghiras's datast/THE DATA/olive_Healthy/B-40.JPG,olive_Healthy,B-40.JPG,65ed47f2e27474b90eff0d5c13922040
/Users/amirah/Ghiras's datast/THE DATA/olive_Healthy/B-119 - Kopya.JPG,olive_Healthy,B-119 - Kopya.JPG,0b764450c49f37e7012a20a4d4d5dc6b
/Users/amirah/Ghiras's datast/THE DATA/olive_Healthy/B-55.JPG,olive_Healthy,B-55.JPG,e1910a3998a1bf2b6ef596882444de60
/Users/amirah/Ghiras's datast/THE DATA/olive_Healthy/B-41.JPG,olive_Healthy,B-41.JPG,1b4755c055a7973722f0b997597e29c0
/Users/amirah/Ghiras's datast/THE DATA/olive_Healthy/B-96.JPG,olive_Healthy,B-96.JPG,928b479fd6d2308cbd90b34146a3334e
/Users/amirah/Ghiras's datast/THE DATA/olive_Healthy/B-621.jpg,olive_Healthy,B-621.jpg,490bd1af9f119f5a0e0c46ba6e5cc42c
/Users/amirah/Ghiras's datast/THE DATA/olive_Healthy/B-179.JPG,olive_Healthy,B-179.JPG,fb5593a97015a50eb2751fee45d3d2e5
/Users/amirah/Ghiras's datast/THE DATA/olive_Healthy/B-94.JPG,olive_Healthy,B-94.JPG,f32161778786f17b5c6d5984922c606c
/Users/amirah/Ghiras's datast/THE DATA/olive_Healthy/B-80.JPG,olive_Healthy,B-80.JPG,20a20e1ba5d8493f76ef456b307ad888
/Users/amirah/Ghiras's datast/THE DATA/olive_Healthy/B-42.JPG,olive_Healthy,B-42.JPG,15d1c708e2f69ea393b1d41d01a46826
/Users/amirah/Ghiras's datast/THE DATA/olive_Healthy/B-56.JPG,olive_Healthy,B-56.JPG,3d8827af936c49a9edd08ea0e5ef89db
/Users/amirah/Ghiras's datast/THE DATA/olive_Healthy/B-144.JPG,olive_Healthy,B-144.JPG,df66c27f830847eb06d5f2d7744b5300
/Users/amirah/Ghiras's datast/THE DATA/olive_Healthy/B-81.JPG,olive_Healthy,B-81.JPG,8756f02439fb7d338db9836477671769
/Users/amirah/Ghiras's datast/THE DATA/olive_Healthy/B-95.JPG,olive_Healthy,B-95.JPG,a1ee7fee203ee64a8b331c9d56e29429
/Users/amirah/Ghiras's datast/THE DATA/olive_Healthy/B-91.JPG,olive_Healthy,B-91.JPG,70bc498157e5732410668657d5268f9c
/Users/amirah/Ghiras's datast/THE DATA/olive_Healthy/B-85.JPG,olive_Healthy,B-85.JPG,18891a4d3b664945296bd230796e0737
/Users/amirah/Ghiras's datast/THE DATA/olive_Healthy/B-140.JPG,olive_Healthy,B-140.JPG,f3dcacc41dd4b6bc5c4bf8dba2e802a7
/Users/amirah/Ghiras's datast/THE DATA/olive_Healthy/B-52.JPG,olive_Healthy,B-52.JPG,d773aa5a4268aaa02456c72c1ff05849
/Users/amirah/Ghiras's datast/THE DATA/olive_Healthy/B-46.JPG,olive_Healthy,B-46.JPG,929eefccf692631c7ea2d3f3287e72cb
/Users/amirah/Ghiras's datast/THE DATA/olive_Healthy/B-109 - Kopya.JPG,olive_Healthy,B-109 - Kopya.JPG,4a6f6573e05e6d42d9e1c26537b8d95d
/Users/amirah/Ghiras's datast/THE DATA/olive_Healthy/B-182.JPG,olive_Healthy,B-182.JPG,bb087e0f3173ebd4352251fd2341a7f2
/Users/amirah/Ghiras's datast/THE DATA/olive_Healthy/B-53.JPG,olive_Healthy,B-53.JPG,d5eea2d1a80978137beda2b8765a8fc7
/Users/amirah/Ghiras's datast/THE DATA/olive_Healthy/B-155.JPG,olive_Healthy,B-155.JPG,8939bf56d4748ceb04872a3cb086fb80
/Users/amirah/Ghiras's datast/THE DATA/olive_Healthy/B-92.JPG,olive_Healthy,B-92.JPG,a7d9a3ee202c864ed0bdc0d135ed0f5d
/Users/amirah/Ghiras's datast/THE DATA/olive_Healthy/B-180.JPG,olive_Healthy,B-180.JPG,66fb1fff6bc4b4b12de8a4a0ad7d4172
/Users/amirah/Ghiras's datast/THE DATA/olive_Healthy/B-45.JPG,olive_Healthy,B-45.JPG,66d25958f28a5658b323323793c46c34
/Users/amirah/Ghiras's datast/THE DATA/olive_Healthy/B-51.JPG,olive_Healthy,B-51.JPG,eea84113eba344e66745b0b7b1e15385
/Users/amirah/Ghiras's datast/THE DATA/olive_Healthy/B-132 - Kopya.JPG,olive_Healthy,B-132 - Kopya.JPG,da245e75b44cc429b3623eadf10e9c84
/Users/amirah/Ghiras's datast/THE DATA/olive_Healthy/B-367 - Kopya.jpg,olive_Healthy,B-367 - Kopya.jpg,89a7a08ca873b483f454026f6b5f358c
/Users/amirah/Ghiras's datast/THE DATA/olive_Healthy/B-50.JPG,olive_Healthy,B-50.JPG,d10362dc1e20207322f244adf2803a55
/Users/amirah/Ghiras's datast/THE DATA/olive_Healthy/B-44.JPG,olive_Healthy,B-44.JPG,19191d5ee94ea404598a74dafcabcaa9
/Users/amirah/Ghiras's datast/THE DATA/olive_aculus_olearius/361.jpg,olive_aculus_olearius,361.jpg,e4267bd66798f461ed06aa41a37c56b8
/Users/amirah/Ghiras's datast/THE DATA/olive_aculus_olearius/364.jpg,olive_aculus_olearius,364.jpg,36e92894be206a6b6e0d897ef0dc83da
/Users/amirah/Ghiras's datast/THE DATA/olive_aculus_olearius/A698.JPG,olive_aculus_olearius,A698.JPG,412bb30f63e0e9950961f61b41939bcf
/Users/amirah/Ghiras's datast/THE DATA/olive_aculus_olearius/383.jpg,olive_aculus_olearius,383.jpg,8e9e334ce507a7fbeab70ddd00c9d91a
/Users/amirah/Ghiras's datast/THE DATA/olive_aculus_olearius/55.jpg,olive_aculus_olearius,55.jpg,bc60115913c4344190387f9047a9361c
/Users/amirah/Ghiras's datast/THE DATA/olive_aculus_olearius/356.jpg,olive_aculus_olearius,356.jpg,fbb4aaeea03e9abcad1041dba6d45c44
/Users/amirah/Ghiras's datast/THE DATA/olive_aculus_olearius/357.jpg,olive_aculus_olearius,357.jpg,a3777cfbdb860c5336f837db938df9bd
/Users/amirah/Ghiras's datast/THE DATA/olive_aculus_olearius/380.jpg,olive_aculus_olearius,380.jpg,bff59430dd668c608d60ae1fd2f2b969
/Users/amirah/Ghiras's datast/THE DATA/olive_aculus_olearius/54.jpg,olive_aculus_olearius,54.jpg,b15b27e179f909ce06356dd93604d4ed
/Users/amirah/Ghiras's datast/THE DATA/olive_aculus_olearius/353.jpg,olive_aculus_olearius,353.jpg,b9ddb75fa44a7c09c49a389cf2379b7c
/Users/amirah/Ghiras's datast/THE DATA/olive_aculus_olearius/385.jpg,olive_aculus_olearius,385.jpg,ded84a3539840cddc3e74478ed7b5a4b
/Users/amirah/Ghiras's datast/THE DATA/olive_aculus_olearius/1.JPG,olive_aculus_olearius,1.JPG,7b892d77c38df6152590b4486d76dbf6
/Users/amirah/Ghiras's datast/THE DATA/olive_aculus_olearius/DSC_1492.JPG,olive_aculus_olearius,DSC_1492.JPG,3983d279d03da38b5c2b8295afb23f39
/Users/amirah/Ghiras's datast/THE DATA/olive_aculus_olearius/379.jpg,olive_aculus_olearius,379.jpg,365eaae0ce00cb25d05fbdb02ff33490
/Users/amirah/Ghiras's datast/THE DATA/olive_peacock_spot/A673.JPG,olive_peacock_spot,A673.JPG,ebff5aaacdc6c248895385343fc92a19
/Users/amirah/Ghiras's datast/THE DATA/olive_peacock_spot/A674 - Kopya.JPG,olive_peacock_spot,A674 - Kopya.JPG,aa58b99313dc80a36de4dea606c90710
/Users/amirah/Ghiras's datast/THE DATA/plam_Rachis_Blight/30.1.jpeg,plam_Rachis_Blight,30.1.jpeg,02b105070897b934be64f197a45d0983
/Users/amirah/Ghiras's datast/THE DATA/plam_infected_by_Bug/Bug(437).JPG,plam_infected_by_Bug,Bug(437).JPG,5e96299b5a6a2363095b0f956b137d74
/Users/amirah/Ghiras's datast/THE DATA/plam_infected_by_Bug/Bug(158).JPG,plam_infected_by_Bug,Bug(158).JPG,2e5100edd5aba3cc644e2ac091fd43fa
/Users/amirah/Ghiras's datast/THE DATA/plam_infected_by_Bug/Bug(416).JPG,plam_infected_by_Bug,Bug(416).JPG,1dd8f41de88d594ef5587e963e9711d2
/Users/amirah/Ghiras's datast/THE DATA/plam_infected_by_Bug/Bug(512).JPG,plam_infected_by_Bug,Bug(512).JPG,5e96299b5a6a2363095b0f956b137d74
/Users/amirah/Ghiras's datast/THE DATA/plam_infected_by_Bug/Bug(284).JPG,plam_infected_by_Bug,Bug(284).JPG,49536aceb91b4f85e35186656da15a7b
/Users/amirah/Ghiras's datast/THE DATA/plam_infected_by_Bug/Bug(466).JPG,plam_infected_by_Bug,Bug(466).JPG,50ed58d8bf6f16b3b4bf487a7b003771
/Users/amirah/Ghiras's datast/THE DATA/plam_infected_by_Bug/Bug(450).JPG,plam_infected_by_Bug,Bug(450).JPG,8247e09ccc0b9169080f127a22b33fd3
/Users/amirah/Ghiras's datast/THE DATA/plam_infected_by_Bug/Bug(542).JPG,plam_infected_by_Bug,Bug(542).JPG,cb08bdc543acbcf8b25c0c33f733cfe2
/Users/amirah/Ghiras's datast/THE DATA/plam_infected_by_Bug/Bug(554).JPG,plam_infected_by_Bug,Bug(554).JPG,c25640919aec53a6eb2c7e777bdca6e4
/Users/amirah/Ghiras's datast/THE DATA/plam_infected_by_Bug/Bug(168).JPG,plam_infected_by_Bug,Bug(168).JPG,3bc7cb5a24025f4a1a8d16d463e96bdd
/Users/amirah/Ghiras's datast/THE DATA/plam_infected_by_Bug/Bug(257).JPG,plam_infected_by_Bug,Bug(257).JPG,6d1d957b1c3677b93ea5458f14538e59
/Users/amirah/Ghiras's datast/THE DATA/plam_infected_by_Bug/Bug(282).JPG,plam_infected_by_Bug,Bug(282).JPG,a3e445e487a63e52f75bdba2dce82298
/Users/amirah/Ghiras's datast/THE DATA/plam_infected_by_Bug/Bug(563).JPG,plam_infected_by_Bug,Bug(563).JPG,3205d396e932ef39ea066b76e0a855a8
/Users/amirah/Ghiras's datast/THE DATA/plam_infected_by_Bug/Bug(426).JPG,plam_infected_by_Bug,Bug(426).JPG,557dc3fabfa9b331f727f74c21d98f28
/Users/amirah/Ghiras's datast/THE DATA/plam_infected_by_Bug/Bug(534).JPG,plam_infected_by_Bug,Bug(534).JPG,dd7d1fe17c84e380527c06b39958ee4e
/Users/amirah/Ghiras's datast/THE DATA/plam_infected_by_Bug/Bug(467).JPG,plam_infected_by_Bug,Bug(467).JPG,ef37b850ce5a81cd8d63ccde8a645a1a
/Users/amirah/Ghiras's datast/THE DATA/plam_infected_by_Bug/Bug(430).JPG,plam_infected_by_Bug,Bug(430).JPG,df50d3d0afae9a3e018fed996d929891
/Users/amirah/Ghiras's datast/THE DATA/plam_infected_by_Bug/Bug(220).JPG,plam_infected_by_Bug,Bug(220).JPG,8235b6c14d19bf2e5da4c1edede9baff
/Users/amirah/Ghiras's datast/THE DATA/plam_infected_by_Bug/Bug(425).JPG,plam_infected_by_Bug,Bug(425).JPG,cca295f656088a67a7e978ae3e3d3c95
/Users/amirah/Ghiras's datast/THE DATA/plam_infected_by_Bug/Bug(472).JPG,plam_infected_by_Bug,Bug(472).JPG,495d2facd9fffd24ba91d98fc685e195
/Users/amirah/Ghiras's datast/THE DATA/plam_infected_by_Bug/Bug(167).JPG,plam_infected_by_Bug,Bug(167).JPG,daea4317e43552c021ba9216f88393a0
/Users/amirah/Ghiras's datast/THE DATA/plam_infected_by_Bug/Bug(433).JPG,plam_infected_by_Bug,Bug(433).JPG,632835ac1794227fb285518ac993b26f
/Users/amirah/Ghiras's datast/THE DATA/plam_infected_by_Bug/Bug(599).JPG,plam_infected_by_Bug,Bug(599).JPG,ef37b850ce5a81cd8d63ccde8a645a1a
/Users/amirah/Ghiras's datast/THE DATA/plam_infected_by_Bug/Bug(262).JPG,plam_infected_by_Bug,Bug(262).JPG,2686fa5a706ffda0c02e9afdc0581a5e
/Users/amirah/Ghiras's datast/THE DATA/plam_infected_by_Bug/Bug(468).JPG,plam_infected_by_Bug,Bug(468).JPG,c25640919aec53a6eb2c7e777bdca6e4
/Users/amirah/Ghiras's datast/THE DATA/plam_infected_by_Bug/Bug(151).JPG,plam_infected_by_Bug,Bug(151).JPG,79b0f30ab7a071d131c300e885028048
/Users/amirah/Ghiras's datast/THE DATA/plam_infected_by_Bug/Bug(501).JPG,plam_infected_by_Bug,Bug(501).JPG,c765ae237986c6c9be6ef78b9854ce96
/Users/amirah/Ghiras's datast/THE DATA/plam_infected_by_Bug/Bug(278).JPG,plam_infected_by_Bug,Bug(278).JPG,ee9e414c9c4a9de036e5dc0e978b46c0
/Users/amirah/Ghiras's datast/THE DATA/plam_infected_by_Bug/Bug(541).JPG,plam_infected_by_Bug,Bug(541).JPG,129662807a5fa70bc3f1e7a74f939971
/Users/amirah/Ghiras's datast/THE DATA/plam_infected_by_Bug/Bug(279).JPG,plam_infected_by_Bug,Bug(279).JPG,e18ea61344ae83a68980d8c57072f272
/Users/amirah/Ghiras's datast/THE DATA/plam_infected_by_Bug/Bug(594).JPG,plam_infected_by_Bug,Bug(594).JPG,4cbe4e0e0e81f28641714f457a692d9d
/Users/amirah/Ghiras's datast/THE DATA/plam_infected_by_Bug/Bug(490).JPG,plam_infected_by_Bug,Bug(490).JPG,cb0eef9b7735a946654ecbd8a6eccfc9
/Users/amirah/Ghiras's datast/THE DATA/plam_infected_by_Bug/Bug(428).JPG,plam_infected_by_Bug,Bug(428).JPG,f94a8bca158436d2f9fc2c9e721e02ce
/Users/amirah/Ghiras's datast/THE DATA/plam_infected_by_Bug/Bug(449).JPG,plam_infected_by_Bug,Bug(449).JPG,92426e63e19cb3c0ebae583c181a12a4
/Users/amirah/Ghiras's datast/THE DATA/plam_infected_by_Bug/Bug(275).JPG,plam_infected_by_Bug,Bug(275).JPG,dc135ecabff5462b2ef1b4e05c32f65d
/Users/amirah/Ghiras's datast/THE DATA/plam_infected_by_Bug/Bug(598).JPG,plam_infected_by_Bug,Bug(598).JPG,50ed58d8bf6f16b3b4bf487a7b003771
/Users/amirah/Ghiras's datast/THE DATA/plam_infected_by_Bug/Bug(259).JPG,plam_infected_by_Bug,Bug(259).JPG,82f8d7197f12f5fa0975ae9d8b26c26e
/Users/amirah/Ghiras's datast/THE DATA/plam_infected_by_Bug/Bug(473).JPG,plam_infected_by_Bug,Bug(473).JPG,2710b1573bcb3bda45afa1132e1d5f19
/Users/amirah/Ghiras's datast/THE DATA/plam_infected_by_Bug/Bug(585).JPG,plam_infected_by_Bug,Bug(585).JPG,ae7765e12aa9a45ad7c789f0f6cf8ac9
/Users/amirah/Ghiras's datast/THE DATA/plam_infected_by_Bug/Bug(507).JPG,plam_infected_by_Bug,Bug(507).JPG,c0b11f7d22876679d3ae579cd7b8cab5
/Users/amirah/Ghiras's datast/THE DATA/plam_infected_by_Bug/Bug(511).JPG,plam_infected_by_Bug,Bug(511).JPG,2e5100edd5aba3cc644e2ac091fd43fa
/Users/amirah/Ghiras's datast/THE DATA/plam_infected_by_Bug/Bug(454).JPG,plam_infected_by_Bug,Bug(454).JPG,5007a733ea4ac5bd0a66e84348f4fa28
/Users/amirah/Ghiras's datast/THE DATA/plam_infected_by_Bug/Bug(531).JPG,plam_infected_by_Bug,Bug(531).JPG,854fc4c220e8cb536983120cead9ec90
/Users/amirah/Ghiras's datast/THE DATA/plam_infected_by_Bug/Bug(272).JPG,plam_infected_by_Bug,Bug(272).JPG,1c5a7145466bc12461233c2933a73e59
/Users/amirah/Ghiras's datast/THE DATA/plam_infected_by_Bug/Bug(419).JPG,plam_infected_by_Bug,Bug(419).JPG,886e65d54d94b2f3f820d32e378a9533
/Users/amirah/Ghiras's datast/THE DATA/plam_infected_by_Bug/Bug(264).JPG,plam_infected_by_Bug,Bug(264).JPG,8a1dde79ef9b7e55721ad31ca7f72bf8
/Users/amirah/Ghiras's datast/THE DATA/plam_infected_by_Bug/Bug(459).JPG,plam_infected_by_Bug,Bug(459).JPG,24d623fe8b234baf32f2fec2e433eadc
/Users/amirah/Ghiras's datast/THE DATA/plam_infected_by_Bug/Bug(418).JPG,plam_infected_by_Bug,Bug(418).JPG,f8fc0d311a24cb38ccb899e0aa435d0a
/Users/amirah/Ghiras's datast/THE DATA/plam_infected_by_Bug/Bug(434).JPG,plam_infected_by_Bug,Bug(434).JPG,4fee323260dc61f619b39c59111cf41b
/Users/amirah/Ghiras's datast/THE DATA/plam_infected_by_Bug/Bug(475).JPG,plam_infected_by_Bug,Bug(475).JPG,a843a09aef5f25303944dd33f4e5bbac
/Users/amirah/Ghiras's datast/THE DATA/plam_infected_by_Bug/Bug(160).JPG,plam_infected_by_Bug,Bug(160).JPG,95632585d2f122745e92e7ddc7fcfb46
/Users/amirah/Ghiras's datast/THE DATA/plam_infected_by_Bug/Bug(249).JPG,plam_infected_by_Bug,Bug(249).JPG,ba01688094e7f3199504882b16721b2e
/Users/amirah/Ghiras's datast/THE DATA/plam_infected_by_Bug/Bug(588).JPG,plam_infected_by_Bug,Bug(588).JPG,05501392c91d36a420550a44558afd18
/Users/amirah/Ghiras's datast/THE DATA/plam_infected_by_Bug/Bug(286).JPG,plam_infected_by_Bug,Bug(286).JPG,8b4ab40e7ccf0567caf125ae01fad3a8
/Users/amirah/Ghiras's datast/THE DATA/plam_infected_by_Bug/Bug(269).JPG,plam_infected_by_Bug,Bug(269).JPG,b973c529387b136c10ccbdb19ce95a53
/Users/amirah/Ghiras's datast/THE DATA/plam_infected_by_Bug/Bug(510).JPG,plam_infected_by_Bug,Bug(510).JPG,a5727928218944e14c4e67ffc8188cc8
/Users/amirah/Ghiras's datast/THE DATA/plam_infected_by_Bug/Bug(455).JPG,plam_infected_by_Bug,Bug(455).JPG,c9095ade97c249977a4f73f078b1e305
/Users/amirah/Ghiras's datast/THE DATA/plam_infected_by_Bug/Bug(156).JPG,plam_infected_by_Bug,Bug(156).JPG,df50d3d0afae9a3e018fed996d929891
/Users/amirah/Ghiras's datast/THE DATA/plam_infected_by_Bug/Bug(253).JPG,plam_infected_by_Bug,Bug(253).JPG,e040880284465be779a0b260f7229a62
/Users/amirah/Ghiras's datast/THE DATA/plam_infected_by_Dubas/Mixed(414).JPG,plam_infected_by_Dubas,Mixed(414).JPG,4a5def35ba32209e5a8cccfe0b07b679
/Users/amirah/Ghiras's datast/THE DATA/plam_infected_by_Dubas/Mixed(316).JPG,plam_infected_by_Dubas,Mixed(316).JPG,a0eeeb5b9e899686b4ea01766b77c5aa
/Users/amirah/Ghiras's datast/THE DATA/plam_infected_by_Dubas/Mixed(318).JPG,plam_infected_by_Dubas,Mixed(318).JPG,87888f377045101b1ea7549915a98588
